{"labels_3d": [0, 0, 0, 0, 0, 0, 0, 0, 0, 0], "scores_3d": [0.9750319123268127, 0.968176007270813, 0.9457360506057739, 0.8904551267623901, 0.8889731168746948, 0.7712069153785706, 0.7554476857185364, 0.7058888673782349, 0.5796063542366028, 0.4417419135570526], "bboxes_3d": [[14.758358001708984, -1.0538207292556763, -1.558962106704712, 3.7562527656555176, 1.6059751510620117, 1.558718204498291, -0.3130927085876465], [6.437827110290527, -3.867896556854248, -1.7354443073272705, 3.1476027965545654, 1.4598557949066162, 1.4284149408340454, -0.2996708154678345], [8.112245559692383, 1.2169686555862427, -1.633988857269287, 3.6663284301757812, 1.5731128454208374, 1.5915477275848389, 2.8161821365356445], [20.169815063476562, -8.431066513061523, -1.6690773963928223, 2.3815901279449463, 1.5175892114639282, 1.5694243907928467, -0.3255056142807007], [33.45586013793945, -7.035797595977783, -1.3376078605651855, 4.214127540588379, 1.7446203231811523, 1.6696597337722778, 2.828476905822754], [55.62160873413086, -20.328805923461914, -1.377086877822876, 4.3704986572265625, 1.735974907875061, 1.706778883934021, 2.8503031730651855], [3.638275623321533, 2.7380855083465576, -1.6891670227050781, 3.720522165298462, 1.5819661617279053, 1.5178046226501465, -0.2304767370223999], [25.04045867919922, -10.15648078918457, -1.6325455904006958, 3.7389578819274902, 1.6085045337677002, 1.4840214252471924, -0.3298457860946655], [28.725322723388672, -1.5524861812591553, -1.2017266750335693, 3.6939051151275635, 1.5429328680038452, 1.5608958005905151, 1.241655945777893], [40.87090301513672, -9.748838424682617, -1.3668363094329834, 3.8332815170288086, 1.6529909372329712, 1.5704307556152344, -0.28816521167755127]], "box_type_3d": "LiDAR"}